{"cameraMode":{"drawMode":0,"name":"Shaded","section":"Shading Mode"},"sceneLighting":true,"audioPlay":false,"sceneViewState":{"showFog":true,"showMaterialUpdate":false,"showSkybox":true,"showFlares":true,"showImageEffects":true,"showParticleSystems":true},"in2DMode":false,"pivot":{"x":-0.3967857360839844,"y":0.3383636474609375,"z":0.0002433951012790203},"rotation":{"x":-0.4391053020954132,"y":0.37974148988723757,"z":-0.21211184561252595,"w":-0.7861244082450867},"size":3.5759570598602297,"orthographic":true}