{"cameraMode":{"drawMode":0,"name":"Shaded","section":"Shading Mode"},"sceneLighting":true,"audioPlay":false,"sceneViewState":{"showFog":true,"showMaterialUpdate":false,"showSkybox":true,"showFlares":true,"showImageEffects":true,"showParticleSystems":true},"in2DMode":false,"pivot":{"x":-0.96563720703125,"y":0.17578125,"z":-0.080078125},"rotation":{"x":0.3567408621311188,"y":-0.05320824682712555,"z":0.020356018096208574,"w":0.9324647784233093},"size":9.643956184387207,"orthographic":true}